period,style,tool,keyword,intent,prompt_count,source
2022-08-06,3D Render,Stable Diffusion,3d render,Rendering,34,DiffusionDB 2M metadata.parquet
2022-08-06,3D Render,Stable Diffusion,blender,Rendering,4,DiffusionDB 2M metadata.parquet
2022-08-06,3D Render,Stable Diffusion,isometric,Rendering,29,DiffusionDB 2M metadata.parquet
2022-08-06,3D Render,Stable Diffusion,octane render,Rendering,104,DiffusionDB 2M metadata.parquet
2022-08-06,3D Render,Stable Diffusion,unreal engine,Rendering,120,DiffusionDB 2M metadata.parquet
2022-08-06,3D Render,Stable Diffusion,zbrush,Rendering,1,DiffusionDB 2M metadata.parquet
2022-08-06,AI Cinematic Storyboard,Stable Diffusion,cinematic still,Cinematic,2,DiffusionDB 2M metadata.parquet
2022-08-06,AI Cinematic Storyboard,Stable Diffusion,film still,Cinematic,33,DiffusionDB 2M metadata.parquet
2022-08-06,AI Cinematic Storyboard,Stable Diffusion,movie still,Cinematic,10,DiffusionDB 2M metadata.parquet
2022-08-06,Anime,Stable Diffusion,anime,Illustration,165,DiffusionDB 2M metadata.parquet
2022-08-06,Anime,Stable Diffusion,manga,Illustration,12,DiffusionDB 2M metadata.parquet
2022-08-06,Anime,Stable Diffusion,studio ghibli,Illustration,24,DiffusionDB 2M metadata.parquet
2022-08-06,Cyberpunk,Stable Diffusion,cyberpunk,Aesthetic,50,DiffusionDB 2M metadata.parquet
2022-08-06,Cyberpunk,Stable Diffusion,cyborg,Aesthetic,13,DiffusionDB 2M metadata.parquet
2022-08-06,Cyberpunk,Stable Diffusion,neon city,Aesthetic,1,DiffusionDB 2M metadata.parquet
2022-08-06,Dark Fantasy,Stable Diffusion,dark fantasy,Worldbuilding,4,DiffusionDB 2M metadata.parquet
2022-08-06,Dark Fantasy,Stable Diffusion,dark forest,Worldbuilding,5,DiffusionDB 2M metadata.parquet
2022-08-06,Dark Fantasy,Stable Diffusion,gothic,Worldbuilding,10,DiffusionDB 2M metadata.parquet
2022-08-06,Dark Fantasy,Stable Diffusion,necromancer,Worldbuilding,2,DiffusionDB 2M metadata.parquet
2022-08-06,Documentary Realism,Stable Diffusion,candid photo,Photography,2,DiffusionDB 2M metadata.parquet
2022-08-06,Documentary Realism,Stable Diffusion,documentary,Photography,1,DiffusionDB 2M metadata.parquet
2022-08-06,Documentary Realism,Stable Diffusion,film grain,Photography,10,DiffusionDB 2M metadata.parquet
2022-08-06,Luxury Fashion,Stable Diffusion,luxury,Commercial,2,DiffusionDB 2M metadata.parquet
2022-08-06,Luxury Fashion,Stable Diffusion,vogue,Commercial,3,DiffusionDB 2M metadata.parquet
2022-08-06,Minimalism,Stable Diffusion,minimalist,Design,4,DiffusionDB 2M metadata.parquet
2022-08-06,Retro Futurism,Stable Diffusion,retro futurism,Aesthetic,1,DiffusionDB 2M metadata.parquet
2022-08-06,Retro Futurism,Stable Diffusion,retrofuturism,Aesthetic,1,DiffusionDB 2M metadata.parquet
2022-08-06,Retro Futurism,Stable Diffusion,synthwave,Aesthetic,25,DiffusionDB 2M metadata.parquet
2022-08-06,Retro Futurism,Stable Diffusion,vaporwave,Aesthetic,9,DiffusionDB 2M metadata.parquet
2022-08-06,Surreal Editorial,Stable Diffusion,surreal,Concept,26,DiffusionDB 2M metadata.parquet
2022-08-06,Surreal Editorial,Stable Diffusion,surrealism,Concept,1,DiffusionDB 2M metadata.parquet
2022-08-07,3D Render,Stable Diffusion,3d render,Rendering,663,DiffusionDB 2M metadata.parquet
2022-08-07,3D Render,Stable Diffusion,blender,Rendering,74,DiffusionDB 2M metadata.parquet
2022-08-07,3D Render,Stable Diffusion,isometric,Rendering,279,DiffusionDB 2M metadata.parquet
2022-08-07,3D Render,Stable Diffusion,octane render,Rendering,3444,DiffusionDB 2M metadata.parquet
2022-08-07,3D Render,Stable Diffusion,unreal engine,Rendering,1670,DiffusionDB 2M metadata.parquet
2022-08-07,3D Render,Stable Diffusion,zbrush,Rendering,58,DiffusionDB 2M metadata.parquet
2022-08-07,AI Cinematic Storyboard,Stable Diffusion,cinematic still,Cinematic,24,DiffusionDB 2M metadata.parquet
2022-08-07,AI Cinematic Storyboard,Stable Diffusion,film still,Cinematic,898,DiffusionDB 2M metadata.parquet
2022-08-07,AI Cinematic Storyboard,Stable Diffusion,movie still,Cinematic,294,DiffusionDB 2M metadata.parquet
2022-08-07,AI Cinematic Storyboard,Stable Diffusion,storyboard,Cinematic,1,DiffusionDB 2M metadata.parquet
2022-08-07,Anime,Stable Diffusion,anime,Illustration,2645,DiffusionDB 2M metadata.parquet
2022-08-07,Anime,Stable Diffusion,manga,Illustration,141,DiffusionDB 2M metadata.parquet
2022-08-07,Anime,Stable Diffusion,studio ghibli,Illustration,396,DiffusionDB 2M metadata.parquet
2022-08-07,Cyberpunk,Stable Diffusion,cyberpunk,Aesthetic,2186,DiffusionDB 2M metadata.parquet
2022-08-07,Cyberpunk,Stable Diffusion,cyborg,Aesthetic,352,DiffusionDB 2M metadata.parquet
2022-08-07,Cyberpunk,Stable Diffusion,neon city,Aesthetic,19,DiffusionDB 2M metadata.parquet
2022-08-07,Cyberpunk,Stable Diffusion,neon street,Aesthetic,2,DiffusionDB 2M metadata.parquet
2022-08-07,Dark Fantasy,Stable Diffusion,dark fantasy,Worldbuilding,198,DiffusionDB 2M metadata.parquet
2022-08-07,Dark Fantasy,Stable Diffusion,dark forest,Worldbuilding,60,DiffusionDB 2M metadata.parquet
2022-08-07,Dark Fantasy,Stable Diffusion,gothic,Worldbuilding,358,DiffusionDB 2M metadata.parquet
2022-08-07,Dark Fantasy,Stable Diffusion,necromancer,Worldbuilding,81,DiffusionDB 2M metadata.parquet
2022-08-07,Dark Fantasy,Stable Diffusion,occult,Worldbuilding,89,DiffusionDB 2M metadata.parquet
2022-08-07,Documentary Realism,Stable Diffusion,candid photo,Photography,28,DiffusionDB 2M metadata.parquet
2022-08-07,Documentary Realism,Stable Diffusion,documentary,Photography,63,DiffusionDB 2M metadata.parquet
2022-08-07,Documentary Realism,Stable Diffusion,film grain,Photography,257,DiffusionDB 2M metadata.parquet
2022-08-07,Documentary Realism,Stable Diffusion,photojournalism,Photography,7,DiffusionDB 2M metadata.parquet
2022-08-07,Documentary Realism,Stable Diffusion,street photography,Photography,125,DiffusionDB 2M metadata.parquet
2022-08-07,Luxury Fashion,Stable Diffusion,fashion editorial,Commercial,2,DiffusionDB 2M metadata.parquet
2022-08-07,Luxury Fashion,Stable Diffusion,haute couture,Commercial,4,DiffusionDB 2M metadata.parquet
2022-08-07,Luxury Fashion,Stable Diffusion,luxury,Commercial,233,DiffusionDB 2M metadata.parquet
2022-08-07,Luxury Fashion,Stable Diffusion,vogue,Commercial,34,DiffusionDB 2M metadata.parquet
2022-08-07,Minimalism,Stable Diffusion,minimal,Design,54,DiffusionDB 2M metadata.parquet
2022-08-07,Minimalism,Stable Diffusion,minimalism,Design,25,DiffusionDB 2M metadata.parquet
2022-08-07,Minimalism,Stable Diffusion,minimalist,Design,310,DiffusionDB 2M metadata.parquet
2022-08-07,Minimalism,Stable Diffusion,negative space,Design,13,DiffusionDB 2M metadata.parquet
2022-08-07,Retro Futurism,Stable Diffusion,cassette futurism,Aesthetic,2,DiffusionDB 2M metadata.parquet
2022-08-07,Retro Futurism,Stable Diffusion,retro futurism,Aesthetic,27,DiffusionDB 2M metadata.parquet
2022-08-07,Retro Futurism,Stable Diffusion,retrofuturism,Aesthetic,48,DiffusionDB 2M metadata.parquet
2022-08-07,Retro Futurism,Stable Diffusion,synthwave,Aesthetic,251,DiffusionDB 2M metadata.parquet
2022-08-07,Retro Futurism,Stable Diffusion,vaporwave,Aesthetic,187,DiffusionDB 2M metadata.parquet
2022-08-07,Surreal Editorial,Stable Diffusion,dreamlike,Concept,34,DiffusionDB 2M metadata.parquet
2022-08-07,Surreal Editorial,Stable Diffusion,editorial,Concept,43,DiffusionDB 2M metadata.parquet
2022-08-07,Surreal Editorial,Stable Diffusion,impossible architecture,Concept,4,DiffusionDB 2M metadata.parquet
2022-08-07,Surreal Editorial,Stable Diffusion,surreal,Concept,891,DiffusionDB 2M metadata.parquet
2022-08-07,Surreal Editorial,Stable Diffusion,surrealism,Concept,206,DiffusionDB 2M metadata.parquet
2022-08-08,3D Render,Stable Diffusion,3d render,Rendering,536,DiffusionDB 2M metadata.parquet
2022-08-08,3D Render,Stable Diffusion,blender,Rendering,66,DiffusionDB 2M metadata.parquet
2022-08-08,3D Render,Stable Diffusion,isometric,Rendering,338,DiffusionDB 2M metadata.parquet
2022-08-08,3D Render,Stable Diffusion,octane render,Rendering,2919,DiffusionDB 2M metadata.parquet
2022-08-08,3D Render,Stable Diffusion,unreal engine,Rendering,1952,DiffusionDB 2M metadata.parquet
2022-08-08,3D Render,Stable Diffusion,zbrush,Rendering,103,DiffusionDB 2M metadata.parquet
2022-08-08,AI Cinematic Storyboard,Stable Diffusion,cinematic still,Cinematic,87,DiffusionDB 2M metadata.parquet
2022-08-08,AI Cinematic Storyboard,Stable Diffusion,film still,Cinematic,630,DiffusionDB 2M metadata.parquet
2022-08-08,AI Cinematic Storyboard,Stable Diffusion,movie still,Cinematic,714,DiffusionDB 2M metadata.parquet
2022-08-08,AI Cinematic Storyboard,Stable Diffusion,storyboard,Cinematic,3,DiffusionDB 2M metadata.parquet
2022-08-08,Anime,Stable Diffusion,anime,Illustration,2154,DiffusionDB 2M metadata.parquet
2022-08-08,Anime,Stable Diffusion,manga,Illustration,134,DiffusionDB 2M metadata.parquet
2022-08-08,Anime,Stable Diffusion,studio ghibli,Illustration,281,DiffusionDB 2M metadata.parquet
2022-08-08,Cyberpunk,Stable Diffusion,cyberpunk,Aesthetic,2247,DiffusionDB 2M metadata.parquet
2022-08-08,Cyberpunk,Stable Diffusion,cyborg,Aesthetic,384,DiffusionDB 2M metadata.parquet
2022-08-08,Cyberpunk,Stable Diffusion,neon city,Aesthetic,10,DiffusionDB 2M metadata.parquet
2022-08-08,Dark Fantasy,Stable Diffusion,dark fantasy,Worldbuilding,208,DiffusionDB 2M metadata.parquet
2022-08-08,Dark Fantasy,Stable Diffusion,dark forest,Worldbuilding,41,DiffusionDB 2M metadata.parquet
2022-08-08,Dark Fantasy,Stable Diffusion,gothic,Worldbuilding,322,DiffusionDB 2M metadata.parquet
2022-08-08,Dark Fantasy,Stable Diffusion,necromancer,Worldbuilding,31,DiffusionDB 2M metadata.parquet
2022-08-08,Dark Fantasy,Stable Diffusion,occult,Worldbuilding,107,DiffusionDB 2M metadata.parquet
2022-08-08,Documentary Realism,Stable Diffusion,candid photo,Photography,20,DiffusionDB 2M metadata.parquet
2022-08-08,Documentary Realism,Stable Diffusion,documentary,Photography,25,DiffusionDB 2M metadata.parquet
2022-08-08,Documentary Realism,Stable Diffusion,film grain,Photography,362,DiffusionDB 2M metadata.parquet
2022-08-08,Documentary Realism,Stable Diffusion,photojournalism,Photography,22,DiffusionDB 2M metadata.parquet
2022-08-08,Documentary Realism,Stable Diffusion,street photography,Photography,36,DiffusionDB 2M metadata.parquet
2022-08-08,Luxury Fashion,Stable Diffusion,fashion editorial,Commercial,4,DiffusionDB 2M metadata.parquet
2022-08-08,Luxury Fashion,Stable Diffusion,haute couture,Commercial,12,DiffusionDB 2M metadata.parquet
2022-08-08,Luxury Fashion,Stable Diffusion,luxury,Commercial,201,DiffusionDB 2M metadata.parquet
2022-08-08,Luxury Fashion,Stable Diffusion,vogue,Commercial,78,DiffusionDB 2M metadata.parquet
2022-08-08,Minimalism,Stable Diffusion,minimal,Design,35,DiffusionDB 2M metadata.parquet
2022-08-08,Minimalism,Stable Diffusion,minimalism,Design,24,DiffusionDB 2M metadata.parquet
2022-08-08,Minimalism,Stable Diffusion,minimalist,Design,222,DiffusionDB 2M metadata.parquet
2022-08-08,Minimalism,Stable Diffusion,negative space,Design,3,DiffusionDB 2M metadata.parquet
2022-08-08,Retro Futurism,Stable Diffusion,cassette futurism,Aesthetic,1,DiffusionDB 2M metadata.parquet
2022-08-08,Retro Futurism,Stable Diffusion,retro futurism,Aesthetic,11,DiffusionDB 2M metadata.parquet
2022-08-08,Retro Futurism,Stable Diffusion,retrofuturism,Aesthetic,38,DiffusionDB 2M metadata.parquet
2022-08-08,Retro Futurism,Stable Diffusion,synthwave,Aesthetic,126,DiffusionDB 2M metadata.parquet
2022-08-08,Retro Futurism,Stable Diffusion,vaporwave,Aesthetic,152,DiffusionDB 2M metadata.parquet
2022-08-08,Surreal Editorial,Stable Diffusion,dreamlike,Concept,41,DiffusionDB 2M metadata.parquet
2022-08-08,Surreal Editorial,Stable Diffusion,editorial,Concept,95,DiffusionDB 2M metadata.parquet
2022-08-08,Surreal Editorial,Stable Diffusion,impossible architecture,Concept,1,DiffusionDB 2M metadata.parquet
2022-08-08,Surreal Editorial,Stable Diffusion,surreal,Concept,603,DiffusionDB 2M metadata.parquet
2022-08-08,Surreal Editorial,Stable Diffusion,surrealism,Concept,285,DiffusionDB 2M metadata.parquet
2022-08-09,3D Render,Stable Diffusion,3d render,Rendering,745,DiffusionDB 2M metadata.parquet
2022-08-09,3D Render,Stable Diffusion,blender,Rendering,40,DiffusionDB 2M metadata.parquet
2022-08-09,3D Render,Stable Diffusion,isometric,Rendering,321,DiffusionDB 2M metadata.parquet
2022-08-09,3D Render,Stable Diffusion,octane render,Rendering,4621,DiffusionDB 2M metadata.parquet
2022-08-09,3D Render,Stable Diffusion,unreal engine,Rendering,1760,DiffusionDB 2M metadata.parquet
2022-08-09,3D Render,Stable Diffusion,zbrush,Rendering,64,DiffusionDB 2M metadata.parquet
2022-08-09,AI Cinematic Storyboard,Stable Diffusion,cinematic still,Cinematic,112,DiffusionDB 2M metadata.parquet
2022-08-09,AI Cinematic Storyboard,Stable Diffusion,film still,Cinematic,971,DiffusionDB 2M metadata.parquet
2022-08-09,AI Cinematic Storyboard,Stable Diffusion,movie still,Cinematic,753,DiffusionDB 2M metadata.parquet
2022-08-09,AI Cinematic Storyboard,Stable Diffusion,storyboard,Cinematic,5,DiffusionDB 2M metadata.parquet
2022-08-09,Anime,Stable Diffusion,anime,Illustration,2852,DiffusionDB 2M metadata.parquet
2022-08-09,Anime,Stable Diffusion,manga,Illustration,271,DiffusionDB 2M metadata.parquet
2022-08-09,Anime,Stable Diffusion,studio ghibli,Illustration,768,DiffusionDB 2M metadata.parquet
2022-08-09,Cyberpunk,Stable Diffusion,cyberpunk,Aesthetic,2764,DiffusionDB 2M metadata.parquet
2022-08-09,Cyberpunk,Stable Diffusion,cyborg,Aesthetic,612,DiffusionDB 2M metadata.parquet
2022-08-09,Cyberpunk,Stable Diffusion,neon city,Aesthetic,7,DiffusionDB 2M metadata.parquet
2022-08-09,Dark Fantasy,Stable Diffusion,dark fantasy,Worldbuilding,273,DiffusionDB 2M metadata.parquet
2022-08-09,Dark Fantasy,Stable Diffusion,dark forest,Worldbuilding,54,DiffusionDB 2M metadata.parquet
2022-08-09,Dark Fantasy,Stable Diffusion,gothic,Worldbuilding,647,DiffusionDB 2M metadata.parquet
2022-08-09,Dark Fantasy,Stable Diffusion,necromancer,Worldbuilding,54,DiffusionDB 2M metadata.parquet
2022-08-09,Dark Fantasy,Stable Diffusion,occult,Worldbuilding,47,DiffusionDB 2M metadata.parquet
2022-08-09,Documentary Realism,Stable Diffusion,candid photo,Photography,51,DiffusionDB 2M metadata.parquet
2022-08-09,Documentary Realism,Stable Diffusion,documentary,Photography,56,DiffusionDB 2M metadata.parquet
2022-08-09,Documentary Realism,Stable Diffusion,film grain,Photography,311,DiffusionDB 2M metadata.parquet
2022-08-09,Documentary Realism,Stable Diffusion,photojournalism,Photography,12,DiffusionDB 2M metadata.parquet
2022-08-09,Documentary Realism,Stable Diffusion,street photography,Photography,77,DiffusionDB 2M metadata.parquet
2022-08-09,Luxury Fashion,Stable Diffusion,fashion editorial,Commercial,21,DiffusionDB 2M metadata.parquet
2022-08-09,Luxury Fashion,Stable Diffusion,haute couture,Commercial,119,DiffusionDB 2M metadata.parquet
2022-08-09,Luxury Fashion,Stable Diffusion,luxury,Commercial,203,DiffusionDB 2M metadata.parquet
2022-08-09,Luxury Fashion,Stable Diffusion,vogue,Commercial,94,DiffusionDB 2M metadata.parquet
2022-08-09,Minimalism,Stable Diffusion,minimal,Design,109,DiffusionDB 2M metadata.parquet
2022-08-09,Minimalism,Stable Diffusion,minimalism,Design,59,DiffusionDB 2M metadata.parquet
2022-08-09,Minimalism,Stable Diffusion,minimalist,Design,283,DiffusionDB 2M metadata.parquet
2022-08-09,Minimalism,Stable Diffusion,negative space,Design,23,DiffusionDB 2M metadata.parquet
2022-08-09,Retro Futurism,Stable Diffusion,retro futurism,Aesthetic,44,DiffusionDB 2M metadata.parquet
2022-08-09,Retro Futurism,Stable Diffusion,retrofuturism,Aesthetic,36,DiffusionDB 2M metadata.parquet
2022-08-09,Retro Futurism,Stable Diffusion,synthwave,Aesthetic,166,DiffusionDB 2M metadata.parquet
2022-08-09,Retro Futurism,Stable Diffusion,vaporwave,Aesthetic,88,DiffusionDB 2M metadata.parquet
2022-08-09,Surreal Editorial,Stable Diffusion,dreamlike,Concept,61,DiffusionDB 2M metadata.parquet
2022-08-09,Surreal Editorial,Stable Diffusion,editorial,Concept,46,DiffusionDB 2M metadata.parquet
2022-08-09,Surreal Editorial,Stable Diffusion,impossible architecture,Concept,7,DiffusionDB 2M metadata.parquet
2022-08-09,Surreal Editorial,Stable Diffusion,surreal,Concept,984,DiffusionDB 2M metadata.parquet
2022-08-09,Surreal Editorial,Stable Diffusion,surrealism,Concept,305,DiffusionDB 2M metadata.parquet
2022-08-10,3D Render,Stable Diffusion,3d render,Rendering,882,DiffusionDB 2M metadata.parquet
2022-08-10,3D Render,Stable Diffusion,blender,Rendering,82,DiffusionDB 2M metadata.parquet
2022-08-10,3D Render,Stable Diffusion,isometric,Rendering,232,DiffusionDB 2M metadata.parquet
2022-08-10,3D Render,Stable Diffusion,octane render,Rendering,4279,DiffusionDB 2M metadata.parquet
2022-08-10,3D Render,Stable Diffusion,unreal engine,Rendering,2073,DiffusionDB 2M metadata.parquet
2022-08-10,3D Render,Stable Diffusion,zbrush,Rendering,67,DiffusionDB 2M metadata.parquet
2022-08-10,AI Cinematic Storyboard,Stable Diffusion,cinematic still,Cinematic,84,DiffusionDB 2M metadata.parquet
2022-08-10,AI Cinematic Storyboard,Stable Diffusion,film still,Cinematic,1409,DiffusionDB 2M metadata.parquet
2022-08-10,AI Cinematic Storyboard,Stable Diffusion,movie still,Cinematic,973,DiffusionDB 2M metadata.parquet
2022-08-10,AI Cinematic Storyboard,Stable Diffusion,storyboard,Cinematic,1,DiffusionDB 2M metadata.parquet
2022-08-10,Anime,Stable Diffusion,anime,Illustration,2888,DiffusionDB 2M metadata.parquet
2022-08-10,Anime,Stable Diffusion,manga,Illustration,159,DiffusionDB 2M metadata.parquet
2022-08-10,Anime,Stable Diffusion,studio ghibli,Illustration,648,DiffusionDB 2M metadata.parquet
2022-08-10,Cyberpunk,Stable Diffusion,cyberpunk,Aesthetic,2394,DiffusionDB 2M metadata.parquet
2022-08-10,Cyberpunk,Stable Diffusion,cyborg,Aesthetic,541,DiffusionDB 2M metadata.parquet
2022-08-10,Cyberpunk,Stable Diffusion,neon city,Aesthetic,31,DiffusionDB 2M metadata.parquet
2022-08-10,Cyberpunk,Stable Diffusion,neon street,Aesthetic,2,DiffusionDB 2M metadata.parquet
2022-08-10,Dark Fantasy,Stable Diffusion,dark fantasy,Worldbuilding,289,DiffusionDB 2M metadata.parquet
2022-08-10,Dark Fantasy,Stable Diffusion,dark forest,Worldbuilding,91,DiffusionDB 2M metadata.parquet
2022-08-10,Dark Fantasy,Stable Diffusion,gothic,Worldbuilding,587,DiffusionDB 2M metadata.parquet
2022-08-10,Dark Fantasy,Stable Diffusion,necromancer,Worldbuilding,85,DiffusionDB 2M metadata.parquet
2022-08-10,Dark Fantasy,Stable Diffusion,occult,Worldbuilding,130,DiffusionDB 2M metadata.parquet
2022-08-10,Documentary Realism,Stable Diffusion,candid photo,Photography,45,DiffusionDB 2M metadata.parquet
2022-08-10,Documentary Realism,Stable Diffusion,documentary,Photography,52,DiffusionDB 2M metadata.parquet
2022-08-10,Documentary Realism,Stable Diffusion,film grain,Photography,316,DiffusionDB 2M metadata.parquet
2022-08-10,Documentary Realism,Stable Diffusion,photojournalism,Photography,25,DiffusionDB 2M metadata.parquet
2022-08-10,Documentary Realism,Stable Diffusion,street photography,Photography,42,DiffusionDB 2M metadata.parquet
2022-08-10,Luxury Fashion,Stable Diffusion,fashion editorial,Commercial,5,DiffusionDB 2M metadata.parquet
2022-08-10,Luxury Fashion,Stable Diffusion,haute couture,Commercial,121,DiffusionDB 2M metadata.parquet
2022-08-10,Luxury Fashion,Stable Diffusion,luxury,Commercial,98,DiffusionDB 2M metadata.parquet
2022-08-10,Luxury Fashion,Stable Diffusion,vogue,Commercial,52,DiffusionDB 2M metadata.parquet
2022-08-10,Minimalism,Stable Diffusion,minimal,Design,121,DiffusionDB 2M metadata.parquet
2022-08-10,Minimalism,Stable Diffusion,minimalism,Design,148,DiffusionDB 2M metadata.parquet
2022-08-10,Minimalism,Stable Diffusion,minimalist,Design,372,DiffusionDB 2M metadata.parquet
2022-08-10,Minimalism,Stable Diffusion,negative space,Design,29,DiffusionDB 2M metadata.parquet
2022-08-10,Retro Futurism,Stable Diffusion,cassette futurism,Aesthetic,2,DiffusionDB 2M metadata.parquet
2022-08-10,Retro Futurism,Stable Diffusion,retro futurism,Aesthetic,17,DiffusionDB 2M metadata.parquet
2022-08-10,Retro Futurism,Stable Diffusion,retrofuturism,Aesthetic,135,DiffusionDB 2M metadata.parquet
2022-08-10,Retro Futurism,Stable Diffusion,synthwave,Aesthetic,174,DiffusionDB 2M metadata.parquet
2022-08-10,Retro Futurism,Stable Diffusion,vaporwave,Aesthetic,146,DiffusionDB 2M metadata.parquet
2022-08-10,Surreal Editorial,Stable Diffusion,dreamlike,Concept,62,DiffusionDB 2M metadata.parquet
2022-08-10,Surreal Editorial,Stable Diffusion,editorial,Concept,144,DiffusionDB 2M metadata.parquet
2022-08-10,Surreal Editorial,Stable Diffusion,surreal,Concept,904,DiffusionDB 2M metadata.parquet
2022-08-10,Surreal Editorial,Stable Diffusion,surrealism,Concept,605,DiffusionDB 2M metadata.parquet
2022-08-11,3D Render,Stable Diffusion,3 d render,Rendering,1677,DiffusionDB 2M metadata.parquet
2022-08-11,3D Render,Stable Diffusion,3d render,Rendering,148,DiffusionDB 2M metadata.parquet
2022-08-11,3D Render,Stable Diffusion,blender,Rendering,143,DiffusionDB 2M metadata.parquet
2022-08-11,3D Render,Stable Diffusion,isometric,Rendering,387,DiffusionDB 2M metadata.parquet
2022-08-11,3D Render,Stable Diffusion,octane render,Rendering,4825,DiffusionDB 2M metadata.parquet
2022-08-11,3D Render,Stable Diffusion,unreal engine,Rendering,2999,DiffusionDB 2M metadata.parquet
2022-08-11,3D Render,Stable Diffusion,zbrush,Rendering,128,DiffusionDB 2M metadata.parquet
2022-08-11,AI Cinematic Storyboard,Stable Diffusion,cinematic still,Cinematic,140,DiffusionDB 2M metadata.parquet
2022-08-11,AI Cinematic Storyboard,Stable Diffusion,film still,Cinematic,1344,DiffusionDB 2M metadata.parquet
2022-08-11,AI Cinematic Storyboard,Stable Diffusion,movie still,Cinematic,1010,DiffusionDB 2M metadata.parquet
2022-08-11,AI Cinematic Storyboard,Stable Diffusion,storyboard,Cinematic,5,DiffusionDB 2M metadata.parquet
2022-08-11,Anime,Stable Diffusion,anime,Illustration,2730,DiffusionDB 2M metadata.parquet
2022-08-11,Anime,Stable Diffusion,manga,Illustration,214,DiffusionDB 2M metadata.parquet
2022-08-11,Anime,Stable Diffusion,studio ghibli,Illustration,574,DiffusionDB 2M metadata.parquet
2022-08-11,Cyberpunk,Stable Diffusion,cyberpunk,Aesthetic,3009,DiffusionDB 2M metadata.parquet
2022-08-11,Cyberpunk,Stable Diffusion,cyborg,Aesthetic,923,DiffusionDB 2M metadata.parquet
2022-08-11,Cyberpunk,Stable Diffusion,neon city,Aesthetic,9,DiffusionDB 2M metadata.parquet
2022-08-11,Cyberpunk,Stable Diffusion,neon street,Aesthetic,5,DiffusionDB 2M metadata.parquet
2022-08-11,Dark Fantasy,Stable Diffusion,dark fantasy,Worldbuilding,168,DiffusionDB 2M metadata.parquet
2022-08-11,Dark Fantasy,Stable Diffusion,dark forest,Worldbuilding,84,DiffusionDB 2M metadata.parquet
2022-08-11,Dark Fantasy,Stable Diffusion,gothic,Worldbuilding,661,DiffusionDB 2M metadata.parquet
2022-08-11,Dark Fantasy,Stable Diffusion,necromancer,Worldbuilding,56,DiffusionDB 2M metadata.parquet
2022-08-11,Dark Fantasy,Stable Diffusion,occult,Worldbuilding,188,DiffusionDB 2M metadata.parquet
2022-08-11,Documentary Realism,Stable Diffusion,candid photo,Photography,26,DiffusionDB 2M metadata.parquet
2022-08-11,Documentary Realism,Stable Diffusion,documentary,Photography,61,DiffusionDB 2M metadata.parquet
2022-08-11,Documentary Realism,Stable Diffusion,film grain,Photography,330,DiffusionDB 2M metadata.parquet
2022-08-11,Documentary Realism,Stable Diffusion,photojournalism,Photography,22,DiffusionDB 2M metadata.parquet
2022-08-11,Documentary Realism,Stable Diffusion,street photography,Photography,23,DiffusionDB 2M metadata.parquet
2022-08-11,Luxury Fashion,Stable Diffusion,fashion editorial,Commercial,9,DiffusionDB 2M metadata.parquet
2022-08-11,Luxury Fashion,Stable Diffusion,haute couture,Commercial,70,DiffusionDB 2M metadata.parquet
2022-08-11,Luxury Fashion,Stable Diffusion,luxury,Commercial,206,DiffusionDB 2M metadata.parquet
2022-08-11,Luxury Fashion,Stable Diffusion,vogue,Commercial,153,DiffusionDB 2M metadata.parquet
2022-08-11,Minimalism,Stable Diffusion,minimal,Design,176,DiffusionDB 2M metadata.parquet
2022-08-11,Minimalism,Stable Diffusion,minimalism,Design,42,DiffusionDB 2M metadata.parquet
2022-08-11,Minimalism,Stable Diffusion,minimalist,Design,429,DiffusionDB 2M metadata.parquet
2022-08-11,Minimalism,Stable Diffusion,negative space,Design,9,DiffusionDB 2M metadata.parquet
2022-08-11,Retro Futurism,Stable Diffusion,cassette futurism,Aesthetic,3,DiffusionDB 2M metadata.parquet
2022-08-11,Retro Futurism,Stable Diffusion,retro futurism,Aesthetic,98,DiffusionDB 2M metadata.parquet
2022-08-11,Retro Futurism,Stable Diffusion,retrofuturism,Aesthetic,122,DiffusionDB 2M metadata.parquet
2022-08-11,Retro Futurism,Stable Diffusion,synthwave,Aesthetic,207,DiffusionDB 2M metadata.parquet
2022-08-11,Retro Futurism,Stable Diffusion,vaporwave,Aesthetic,311,DiffusionDB 2M metadata.parquet
2022-08-11,Surreal Editorial,Stable Diffusion,dreamlike,Concept,65,DiffusionDB 2M metadata.parquet
2022-08-11,Surreal Editorial,Stable Diffusion,editorial,Concept,80,DiffusionDB 2M metadata.parquet
2022-08-11,Surreal Editorial,Stable Diffusion,impossible architecture,Concept,19,DiffusionDB 2M metadata.parquet
2022-08-11,Surreal Editorial,Stable Diffusion,surreal,Concept,1321,DiffusionDB 2M metadata.parquet
2022-08-11,Surreal Editorial,Stable Diffusion,surrealism,Concept,506,DiffusionDB 2M metadata.parquet
2022-08-12,3D Render,Stable Diffusion,3 d render,Rendering,1183,DiffusionDB 2M metadata.parquet
2022-08-12,3D Render,Stable Diffusion,blender,Rendering,104,DiffusionDB 2M metadata.parquet
2022-08-12,3D Render,Stable Diffusion,isometric,Rendering,218,DiffusionDB 2M metadata.parquet
2022-08-12,3D Render,Stable Diffusion,octane render,Rendering,4538,DiffusionDB 2M metadata.parquet
2022-08-12,3D Render,Stable Diffusion,unreal engine,Rendering,2472,DiffusionDB 2M metadata.parquet
2022-08-12,3D Render,Stable Diffusion,zbrush,Rendering,55,DiffusionDB 2M metadata.parquet
2022-08-12,AI Cinematic Storyboard,Stable Diffusion,cinematic still,Cinematic,45,DiffusionDB 2M metadata.parquet
2022-08-12,AI Cinematic Storyboard,Stable Diffusion,film still,Cinematic,1531,DiffusionDB 2M metadata.parquet
2022-08-12,AI Cinematic Storyboard,Stable Diffusion,movie still,Cinematic,1098,DiffusionDB 2M metadata.parquet
2022-08-12,AI Cinematic Storyboard,Stable Diffusion,storyboard,Cinematic,21,DiffusionDB 2M metadata.parquet
2022-08-12,Anime,Stable Diffusion,anime,Illustration,2753,DiffusionDB 2M metadata.parquet
2022-08-12,Anime,Stable Diffusion,manga,Illustration,263,DiffusionDB 2M metadata.parquet
2022-08-12,Anime,Stable Diffusion,studio ghibli,Illustration,682,DiffusionDB 2M metadata.parquet
2022-08-12,Cyberpunk,Stable Diffusion,cyberpunk,Aesthetic,2817,DiffusionDB 2M metadata.parquet
2022-08-12,Cyberpunk,Stable Diffusion,cyborg,Aesthetic,663,DiffusionDB 2M metadata.parquet
2022-08-12,Cyberpunk,Stable Diffusion,neon city,Aesthetic,5,DiffusionDB 2M metadata.parquet
2022-08-12,Dark Fantasy,Stable Diffusion,dark fantasy,Worldbuilding,186,DiffusionDB 2M metadata.parquet
2022-08-12,Dark Fantasy,Stable Diffusion,dark forest,Worldbuilding,52,DiffusionDB 2M metadata.parquet
2022-08-12,Dark Fantasy,Stable Diffusion,gothic,Worldbuilding,685,DiffusionDB 2M metadata.parquet
2022-08-12,Dark Fantasy,Stable Diffusion,necromancer,Worldbuilding,30,DiffusionDB 2M metadata.parquet
2022-08-12,Dark Fantasy,Stable Diffusion,occult,Worldbuilding,141,DiffusionDB 2M metadata.parquet
2022-08-12,Documentary Realism,Stable Diffusion,candid photo,Photography,100,DiffusionDB 2M metadata.parquet
2022-08-12,Documentary Realism,Stable Diffusion,documentary,Photography,89,DiffusionDB 2M metadata.parquet
2022-08-12,Documentary Realism,Stable Diffusion,film grain,Photography,203,DiffusionDB 2M metadata.parquet
2022-08-12,Documentary Realism,Stable Diffusion,photojournalism,Photography,3,DiffusionDB 2M metadata.parquet
2022-08-12,Documentary Realism,Stable Diffusion,street photography,Photography,49,DiffusionDB 2M metadata.parquet
2022-08-12,Luxury Fashion,Stable Diffusion,fashion editorial,Commercial,17,DiffusionDB 2M metadata.parquet
2022-08-12,Luxury Fashion,Stable Diffusion,haute couture,Commercial,57,DiffusionDB 2M metadata.parquet
2022-08-12,Luxury Fashion,Stable Diffusion,luxury,Commercial,160,DiffusionDB 2M metadata.parquet
2022-08-12,Luxury Fashion,Stable Diffusion,vogue,Commercial,119,DiffusionDB 2M metadata.parquet
2022-08-12,Minimalism,Stable Diffusion,minimal,Design,211,DiffusionDB 2M metadata.parquet
2022-08-12,Minimalism,Stable Diffusion,minimalism,Design,88,DiffusionDB 2M metadata.parquet
2022-08-12,Minimalism,Stable Diffusion,minimalist,Design,299,DiffusionDB 2M metadata.parquet
2022-08-12,Minimalism,Stable Diffusion,negative space,Design,37,DiffusionDB 2M metadata.parquet
2022-08-12,Retro Futurism,Stable Diffusion,cassette futurism,Aesthetic,4,DiffusionDB 2M metadata.parquet
2022-08-12,Retro Futurism,Stable Diffusion,retro futurism,Aesthetic,33,DiffusionDB 2M metadata.parquet
2022-08-12,Retro Futurism,Stable Diffusion,retrofuturism,Aesthetic,139,DiffusionDB 2M metadata.parquet
2022-08-12,Retro Futurism,Stable Diffusion,synthwave,Aesthetic,166,DiffusionDB 2M metadata.parquet
2022-08-12,Retro Futurism,Stable Diffusion,vaporwave,Aesthetic,241,DiffusionDB 2M metadata.parquet
2022-08-12,Surreal Editorial,Stable Diffusion,dreamlike,Concept,40,DiffusionDB 2M metadata.parquet
2022-08-12,Surreal Editorial,Stable Diffusion,editorial,Concept,50,DiffusionDB 2M metadata.parquet
2022-08-12,Surreal Editorial,Stable Diffusion,impossible architecture,Concept,2,DiffusionDB 2M metadata.parquet
2022-08-12,Surreal Editorial,Stable Diffusion,surreal,Concept,1441,DiffusionDB 2M metadata.parquet
2022-08-12,Surreal Editorial,Stable Diffusion,surrealism,Concept,482,DiffusionDB 2M metadata.parquet
2022-08-13,3D Render,Stable Diffusion,3 d render,Rendering,895,DiffusionDB 2M metadata.parquet
2022-08-13,3D Render,Stable Diffusion,blender,Rendering,66,DiffusionDB 2M metadata.parquet
2022-08-13,3D Render,Stable Diffusion,isometric,Rendering,298,DiffusionDB 2M metadata.parquet
2022-08-13,3D Render,Stable Diffusion,octane render,Rendering,4420,DiffusionDB 2M metadata.parquet
2022-08-13,3D Render,Stable Diffusion,unreal engine,Rendering,1951,DiffusionDB 2M metadata.parquet
2022-08-13,3D Render,Stable Diffusion,zbrush,Rendering,149,DiffusionDB 2M metadata.parquet
2022-08-13,AI Cinematic Storyboard,Stable Diffusion,cinematic still,Cinematic,126,DiffusionDB 2M metadata.parquet
2022-08-13,AI Cinematic Storyboard,Stable Diffusion,film still,Cinematic,1147,DiffusionDB 2M metadata.parquet
2022-08-13,AI Cinematic Storyboard,Stable Diffusion,movie still,Cinematic,927,DiffusionDB 2M metadata.parquet
2022-08-13,AI Cinematic Storyboard,Stable Diffusion,storyboard,Cinematic,14,DiffusionDB 2M metadata.parquet
2022-08-13,Anime,Stable Diffusion,anime,Illustration,2400,DiffusionDB 2M metadata.parquet
2022-08-13,Anime,Stable Diffusion,manga,Illustration,198,DiffusionDB 2M metadata.parquet
2022-08-13,Anime,Stable Diffusion,studio ghibli,Illustration,650,DiffusionDB 2M metadata.parquet
2022-08-13,Cyberpunk,Stable Diffusion,cyberpunk,Aesthetic,2293,DiffusionDB 2M metadata.parquet
2022-08-13,Cyberpunk,Stable Diffusion,cyborg,Aesthetic,754,DiffusionDB 2M metadata.parquet
2022-08-13,Cyberpunk,Stable Diffusion,neon city,Aesthetic,12,DiffusionDB 2M metadata.parquet
2022-08-13,Dark Fantasy,Stable Diffusion,dark fantasy,Worldbuilding,224,DiffusionDB 2M metadata.parquet
2022-08-13,Dark Fantasy,Stable Diffusion,dark forest,Worldbuilding,75,DiffusionDB 2M metadata.parquet
2022-08-13,Dark Fantasy,Stable Diffusion,gothic,Worldbuilding,492,DiffusionDB 2M metadata.parquet
2022-08-13,Dark Fantasy,Stable Diffusion,necromancer,Worldbuilding,98,DiffusionDB 2M metadata.parquet
2022-08-13,Dark Fantasy,Stable Diffusion,occult,Worldbuilding,65,DiffusionDB 2M metadata.parquet
2022-08-13,Documentary Realism,Stable Diffusion,candid photo,Photography,53,DiffusionDB 2M metadata.parquet
2022-08-13,Documentary Realism,Stable Diffusion,documentary,Photography,81,DiffusionDB 2M metadata.parquet
2022-08-13,Documentary Realism,Stable Diffusion,film grain,Photography,88,DiffusionDB 2M metadata.parquet
2022-08-13,Documentary Realism,Stable Diffusion,photojournalism,Photography,5,DiffusionDB 2M metadata.parquet
2022-08-13,Documentary Realism,Stable Diffusion,street photography,Photography,47,DiffusionDB 2M metadata.parquet
2022-08-13,Luxury Fashion,Stable Diffusion,fashion editorial,Commercial,24,DiffusionDB 2M metadata.parquet
2022-08-13,Luxury Fashion,Stable Diffusion,haute couture,Commercial,143,DiffusionDB 2M metadata.parquet
2022-08-13,Luxury Fashion,Stable Diffusion,luxury,Commercial,135,DiffusionDB 2M metadata.parquet
2022-08-13,Luxury Fashion,Stable Diffusion,vogue,Commercial,120,DiffusionDB 2M metadata.parquet
2022-08-13,Minimalism,Stable Diffusion,minimal,Design,155,DiffusionDB 2M metadata.parquet
2022-08-13,Minimalism,Stable Diffusion,minimalism,Design,87,DiffusionDB 2M metadata.parquet
2022-08-13,Minimalism,Stable Diffusion,minimalist,Design,775,DiffusionDB 2M metadata.parquet
2022-08-13,Minimalism,Stable Diffusion,negative space,Design,3,DiffusionDB 2M metadata.parquet
2022-08-13,Retro Futurism,Stable Diffusion,cassette futurism,Aesthetic,2,DiffusionDB 2M metadata.parquet
2022-08-13,Retro Futurism,Stable Diffusion,retro futurism,Aesthetic,3,DiffusionDB 2M metadata.parquet
2022-08-13,Retro Futurism,Stable Diffusion,retrofuturism,Aesthetic,79,DiffusionDB 2M metadata.parquet
2022-08-13,Retro Futurism,Stable Diffusion,synthwave,Aesthetic,217,DiffusionDB 2M metadata.parquet
2022-08-13,Retro Futurism,Stable Diffusion,vaporwave,Aesthetic,198,DiffusionDB 2M metadata.parquet
2022-08-13,Surreal Editorial,Stable Diffusion,dreamlike,Concept,194,DiffusionDB 2M metadata.parquet
2022-08-13,Surreal Editorial,Stable Diffusion,editorial,Concept,35,DiffusionDB 2M metadata.parquet
2022-08-13,Surreal Editorial,Stable Diffusion,impossible architecture,Concept,3,DiffusionDB 2M metadata.parquet
2022-08-13,Surreal Editorial,Stable Diffusion,surreal,Concept,1137,DiffusionDB 2M metadata.parquet
2022-08-13,Surreal Editorial,Stable Diffusion,surrealism,Concept,554,DiffusionDB 2M metadata.parquet
2022-08-14,3D Render,Stable Diffusion,3 d render,Rendering,801,DiffusionDB 2M metadata.parquet
2022-08-14,3D Render,Stable Diffusion,blender,Rendering,43,DiffusionDB 2M metadata.parquet
2022-08-14,3D Render,Stable Diffusion,isometric,Rendering,333,DiffusionDB 2M metadata.parquet
2022-08-14,3D Render,Stable Diffusion,octane render,Rendering,3648,DiffusionDB 2M metadata.parquet
2022-08-14,3D Render,Stable Diffusion,unreal engine,Rendering,1663,DiffusionDB 2M metadata.parquet
2022-08-14,3D Render,Stable Diffusion,zbrush,Rendering,49,DiffusionDB 2M metadata.parquet
2022-08-14,AI Cinematic Storyboard,Stable Diffusion,cinematic still,Cinematic,83,DiffusionDB 2M metadata.parquet
2022-08-14,AI Cinematic Storyboard,Stable Diffusion,film still,Cinematic,710,DiffusionDB 2M metadata.parquet
2022-08-14,AI Cinematic Storyboard,Stable Diffusion,movie still,Cinematic,750,DiffusionDB 2M metadata.parquet
2022-08-14,AI Cinematic Storyboard,Stable Diffusion,storyboard,Cinematic,6,DiffusionDB 2M metadata.parquet
2022-08-14,Anime,Stable Diffusion,anime,Illustration,1598,DiffusionDB 2M metadata.parquet
2022-08-14,Anime,Stable Diffusion,manga,Illustration,144,DiffusionDB 2M metadata.parquet
2022-08-14,Anime,Stable Diffusion,studio ghibli,Illustration,1102,DiffusionDB 2M metadata.parquet
2022-08-14,Cyberpunk,Stable Diffusion,cyberpunk,Aesthetic,1835,DiffusionDB 2M metadata.parquet
2022-08-14,Cyberpunk,Stable Diffusion,cyborg,Aesthetic,556,DiffusionDB 2M metadata.parquet
2022-08-14,Cyberpunk,Stable Diffusion,neon city,Aesthetic,3,DiffusionDB 2M metadata.parquet
2022-08-14,Dark Fantasy,Stable Diffusion,dark fantasy,Worldbuilding,138,DiffusionDB 2M metadata.parquet
2022-08-14,Dark Fantasy,Stable Diffusion,dark forest,Worldbuilding,54,DiffusionDB 2M metadata.parquet
2022-08-14,Dark Fantasy,Stable Diffusion,gothic,Worldbuilding,542,DiffusionDB 2M metadata.parquet
2022-08-14,Dark Fantasy,Stable Diffusion,necromancer,Worldbuilding,29,DiffusionDB 2M metadata.parquet
2022-08-14,Dark Fantasy,Stable Diffusion,occult,Worldbuilding,60,DiffusionDB 2M metadata.parquet
2022-08-14,Documentary Realism,Stable Diffusion,candid photo,Photography,45,DiffusionDB 2M metadata.parquet
2022-08-14,Documentary Realism,Stable Diffusion,documentary,Photography,31,DiffusionDB 2M metadata.parquet
2022-08-14,Documentary Realism,Stable Diffusion,film grain,Photography,154,DiffusionDB 2M metadata.parquet
2022-08-14,Documentary Realism,Stable Diffusion,photojournalism,Photography,10,DiffusionDB 2M metadata.parquet
2022-08-14,Documentary Realism,Stable Diffusion,street photography,Photography,63,DiffusionDB 2M metadata.parquet
2022-08-14,Luxury Fashion,Stable Diffusion,fashion editorial,Commercial,8,DiffusionDB 2M metadata.parquet
2022-08-14,Luxury Fashion,Stable Diffusion,haute couture,Commercial,25,DiffusionDB 2M metadata.parquet
2022-08-14,Luxury Fashion,Stable Diffusion,luxury,Commercial,122,DiffusionDB 2M metadata.parquet
2022-08-14,Luxury Fashion,Stable Diffusion,vogue,Commercial,160,DiffusionDB 2M metadata.parquet
2022-08-14,Minimalism,Stable Diffusion,minimal,Design,163,DiffusionDB 2M metadata.parquet
2022-08-14,Minimalism,Stable Diffusion,minimalism,Design,32,DiffusionDB 2M metadata.parquet
2022-08-14,Minimalism,Stable Diffusion,minimalist,Design,697,DiffusionDB 2M metadata.parquet
2022-08-14,Minimalism,Stable Diffusion,negative space,Design,7,DiffusionDB 2M metadata.parquet
2022-08-14,Retro Futurism,Stable Diffusion,cassette futurism,Aesthetic,77,DiffusionDB 2M metadata.parquet
2022-08-14,Retro Futurism,Stable Diffusion,retro futurism,Aesthetic,15,DiffusionDB 2M metadata.parquet
2022-08-14,Retro Futurism,Stable Diffusion,retrofuturism,Aesthetic,79,DiffusionDB 2M metadata.parquet
2022-08-14,Retro Futurism,Stable Diffusion,synthwave,Aesthetic,129,DiffusionDB 2M metadata.parquet
2022-08-14,Retro Futurism,Stable Diffusion,vaporwave,Aesthetic,291,DiffusionDB 2M metadata.parquet
2022-08-14,Surreal Editorial,Stable Diffusion,dreamlike,Concept,37,DiffusionDB 2M metadata.parquet
2022-08-14,Surreal Editorial,Stable Diffusion,editorial,Concept,26,DiffusionDB 2M metadata.parquet
2022-08-14,Surreal Editorial,Stable Diffusion,impossible architecture,Concept,1,DiffusionDB 2M metadata.parquet
2022-08-14,Surreal Editorial,Stable Diffusion,surreal,Concept,1311,DiffusionDB 2M metadata.parquet
2022-08-14,Surreal Editorial,Stable Diffusion,surrealism,Concept,494,DiffusionDB 2M metadata.parquet
2022-08-15,3D Render,Stable Diffusion,3 d render,Rendering,654,DiffusionDB 2M metadata.parquet
2022-08-15,3D Render,Stable Diffusion,blender,Rendering,47,DiffusionDB 2M metadata.parquet
2022-08-15,3D Render,Stable Diffusion,isometric,Rendering,213,DiffusionDB 2M metadata.parquet
2022-08-15,3D Render,Stable Diffusion,octane render,Rendering,3997,DiffusionDB 2M metadata.parquet
2022-08-15,3D Render,Stable Diffusion,unreal engine,Rendering,2597,DiffusionDB 2M metadata.parquet
2022-08-15,3D Render,Stable Diffusion,zbrush,Rendering,25,DiffusionDB 2M metadata.parquet
2022-08-15,AI Cinematic Storyboard,Stable Diffusion,cinematic still,Cinematic,145,DiffusionDB 2M metadata.parquet
2022-08-15,AI Cinematic Storyboard,Stable Diffusion,film still,Cinematic,907,DiffusionDB 2M metadata.parquet
2022-08-15,AI Cinematic Storyboard,Stable Diffusion,movie still,Cinematic,612,DiffusionDB 2M metadata.parquet
2022-08-15,AI Cinematic Storyboard,Stable Diffusion,storyboard,Cinematic,7,DiffusionDB 2M metadata.parquet
2022-08-15,Anime,Stable Diffusion,anime,Illustration,2339,DiffusionDB 2M metadata.parquet
2022-08-15,Anime,Stable Diffusion,manga,Illustration,143,DiffusionDB 2M metadata.parquet
2022-08-15,Anime,Stable Diffusion,studio ghibli,Illustration,1058,DiffusionDB 2M metadata.parquet
2022-08-15,Cyberpunk,Stable Diffusion,cyberpunk,Aesthetic,2099,DiffusionDB 2M metadata.parquet
2022-08-15,Cyberpunk,Stable Diffusion,cyborg,Aesthetic,459,DiffusionDB 2M metadata.parquet
2022-08-15,Cyberpunk,Stable Diffusion,neon city,Aesthetic,2,DiffusionDB 2M metadata.parquet
2022-08-15,Cyberpunk,Stable Diffusion,neon street,Aesthetic,5,DiffusionDB 2M metadata.parquet
2022-08-15,Dark Fantasy,Stable Diffusion,dark fantasy,Worldbuilding,241,DiffusionDB 2M metadata.parquet
2022-08-15,Dark Fantasy,Stable Diffusion,dark forest,Worldbuilding,44,DiffusionDB 2M metadata.parquet
2022-08-15,Dark Fantasy,Stable Diffusion,gothic,Worldbuilding,585,DiffusionDB 2M metadata.parquet
2022-08-15,Dark Fantasy,Stable Diffusion,necromancer,Worldbuilding,79,DiffusionDB 2M metadata.parquet
2022-08-15,Dark Fantasy,Stable Diffusion,occult,Worldbuilding,76,DiffusionDB 2M metadata.parquet
2022-08-15,Documentary Realism,Stable Diffusion,candid photo,Photography,35,DiffusionDB 2M metadata.parquet
2022-08-15,Documentary Realism,Stable Diffusion,documentary,Photography,59,DiffusionDB 2M metadata.parquet
2022-08-15,Documentary Realism,Stable Diffusion,film grain,Photography,224,DiffusionDB 2M metadata.parquet
2022-08-15,Documentary Realism,Stable Diffusion,photojournalism,Photography,13,DiffusionDB 2M metadata.parquet
2022-08-15,Documentary Realism,Stable Diffusion,street photography,Photography,15,DiffusionDB 2M metadata.parquet
2022-08-15,Luxury Fashion,Stable Diffusion,fashion editorial,Commercial,5,DiffusionDB 2M metadata.parquet
2022-08-15,Luxury Fashion,Stable Diffusion,haute couture,Commercial,11,DiffusionDB 2M metadata.parquet
2022-08-15,Luxury Fashion,Stable Diffusion,luxury,Commercial,90,DiffusionDB 2M metadata.parquet
2022-08-15,Luxury Fashion,Stable Diffusion,vogue,Commercial,98,DiffusionDB 2M metadata.parquet
2022-08-15,Minimalism,Stable Diffusion,minimal,Design,148,DiffusionDB 2M metadata.parquet
2022-08-15,Minimalism,Stable Diffusion,minimalism,Design,66,DiffusionDB 2M metadata.parquet
2022-08-15,Minimalism,Stable Diffusion,minimalist,Design,639,DiffusionDB 2M metadata.parquet
2022-08-15,Minimalism,Stable Diffusion,negative space,Design,21,DiffusionDB 2M metadata.parquet
2022-08-15,Retro Futurism,Stable Diffusion,retro futurism,Aesthetic,1,DiffusionDB 2M metadata.parquet
2022-08-15,Retro Futurism,Stable Diffusion,retrofuturism,Aesthetic,86,DiffusionDB 2M metadata.parquet
2022-08-15,Retro Futurism,Stable Diffusion,synthwave,Aesthetic,107,DiffusionDB 2M metadata.parquet
2022-08-15,Retro Futurism,Stable Diffusion,vaporwave,Aesthetic,189,DiffusionDB 2M metadata.parquet
2022-08-15,Surreal Editorial,Stable Diffusion,dreamlike,Concept,45,DiffusionDB 2M metadata.parquet
2022-08-15,Surreal Editorial,Stable Diffusion,editorial,Concept,113,DiffusionDB 2M metadata.parquet
2022-08-15,Surreal Editorial,Stable Diffusion,impossible architecture,Concept,2,DiffusionDB 2M metadata.parquet
2022-08-15,Surreal Editorial,Stable Diffusion,surreal,Concept,1620,DiffusionDB 2M metadata.parquet
2022-08-15,Surreal Editorial,Stable Diffusion,surrealism,Concept,376,DiffusionDB 2M metadata.parquet
2022-08-16,3D Render,Stable Diffusion,3 d render,Rendering,649,DiffusionDB 2M metadata.parquet
2022-08-16,3D Render,Stable Diffusion,blender,Rendering,73,DiffusionDB 2M metadata.parquet
2022-08-16,3D Render,Stable Diffusion,isometric,Rendering,369,DiffusionDB 2M metadata.parquet
2022-08-16,3D Render,Stable Diffusion,octane render,Rendering,4421,DiffusionDB 2M metadata.parquet
2022-08-16,3D Render,Stable Diffusion,unreal engine,Rendering,1819,DiffusionDB 2M metadata.parquet
2022-08-16,3D Render,Stable Diffusion,zbrush,Rendering,52,DiffusionDB 2M metadata.parquet
2022-08-16,AI Cinematic Storyboard,Stable Diffusion,cinematic still,Cinematic,180,DiffusionDB 2M metadata.parquet
2022-08-16,AI Cinematic Storyboard,Stable Diffusion,film still,Cinematic,645,DiffusionDB 2M metadata.parquet
2022-08-16,AI Cinematic Storyboard,Stable Diffusion,movie still,Cinematic,635,DiffusionDB 2M metadata.parquet
2022-08-16,AI Cinematic Storyboard,Stable Diffusion,storyboard,Cinematic,9,DiffusionDB 2M metadata.parquet
2022-08-16,Anime,Stable Diffusion,anime,Illustration,2026,DiffusionDB 2M metadata.parquet
2022-08-16,Anime,Stable Diffusion,manga,Illustration,439,DiffusionDB 2M metadata.parquet
2022-08-16,Anime,Stable Diffusion,studio ghibli,Illustration,1070,DiffusionDB 2M metadata.parquet
2022-08-16,Cyberpunk,Stable Diffusion,cyberpunk,Aesthetic,2179,DiffusionDB 2M metadata.parquet
2022-08-16,Cyberpunk,Stable Diffusion,cyborg,Aesthetic,639,DiffusionDB 2M metadata.parquet
2022-08-16,Cyberpunk,Stable Diffusion,neon city,Aesthetic,9,DiffusionDB 2M metadata.parquet
2022-08-16,Cyberpunk,Stable Diffusion,neon street,Aesthetic,1,DiffusionDB 2M metadata.parquet
2022-08-16,Dark Fantasy,Stable Diffusion,dark fantasy,Worldbuilding,306,DiffusionDB 2M metadata.parquet
2022-08-16,Dark Fantasy,Stable Diffusion,dark forest,Worldbuilding,62,DiffusionDB 2M metadata.parquet
2022-08-16,Dark Fantasy,Stable Diffusion,gothic,Worldbuilding,409,DiffusionDB 2M metadata.parquet
2022-08-16,Dark Fantasy,Stable Diffusion,necromancer,Worldbuilding,208,DiffusionDB 2M metadata.parquet
2022-08-16,Dark Fantasy,Stable Diffusion,occult,Worldbuilding,68,DiffusionDB 2M metadata.parquet
2022-08-16,Documentary Realism,Stable Diffusion,candid photo,Photography,69,DiffusionDB 2M metadata.parquet
2022-08-16,Documentary Realism,Stable Diffusion,documentary,Photography,17,DiffusionDB 2M metadata.parquet
2022-08-16,Documentary Realism,Stable Diffusion,film grain,Photography,52,DiffusionDB 2M metadata.parquet
2022-08-16,Documentary Realism,Stable Diffusion,photojournalism,Photography,27,DiffusionDB 2M metadata.parquet
2022-08-16,Documentary Realism,Stable Diffusion,street photography,Photography,77,DiffusionDB 2M metadata.parquet
2022-08-16,Luxury Fashion,Stable Diffusion,fashion editorial,Commercial,16,DiffusionDB 2M metadata.parquet
2022-08-16,Luxury Fashion,Stable Diffusion,haute couture,Commercial,76,DiffusionDB 2M metadata.parquet
2022-08-16,Luxury Fashion,Stable Diffusion,luxury,Commercial,183,DiffusionDB 2M metadata.parquet
2022-08-16,Luxury Fashion,Stable Diffusion,vogue,Commercial,215,DiffusionDB 2M metadata.parquet
2022-08-16,Minimalism,Stable Diffusion,minimal,Design,108,DiffusionDB 2M metadata.parquet
2022-08-16,Minimalism,Stable Diffusion,minimalism,Design,60,DiffusionDB 2M metadata.parquet
2022-08-16,Minimalism,Stable Diffusion,minimalist,Design,559,DiffusionDB 2M metadata.parquet
2022-08-16,Minimalism,Stable Diffusion,negative space,Design,11,DiffusionDB 2M metadata.parquet
2022-08-16,Retro Futurism,Stable Diffusion,cassette futurism,Aesthetic,2,DiffusionDB 2M metadata.parquet
2022-08-16,Retro Futurism,Stable Diffusion,retro futurism,Aesthetic,38,DiffusionDB 2M metadata.parquet
2022-08-16,Retro Futurism,Stable Diffusion,retrofuturism,Aesthetic,107,DiffusionDB 2M metadata.parquet
2022-08-16,Retro Futurism,Stable Diffusion,synthwave,Aesthetic,166,DiffusionDB 2M metadata.parquet
2022-08-16,Retro Futurism,Stable Diffusion,vaporwave,Aesthetic,161,DiffusionDB 2M metadata.parquet
2022-08-16,Surreal Editorial,Stable Diffusion,dreamlike,Concept,54,DiffusionDB 2M metadata.parquet
2022-08-16,Surreal Editorial,Stable Diffusion,editorial,Concept,96,DiffusionDB 2M metadata.parquet
2022-08-16,Surreal Editorial,Stable Diffusion,impossible architecture,Concept,22,DiffusionDB 2M metadata.parquet
2022-08-16,Surreal Editorial,Stable Diffusion,surreal,Concept,1310,DiffusionDB 2M metadata.parquet
2022-08-16,Surreal Editorial,Stable Diffusion,surrealism,Concept,487,DiffusionDB 2M metadata.parquet
2022-08-17,3D Render,Stable Diffusion,3 d render,Rendering,672,DiffusionDB 2M metadata.parquet
2022-08-17,3D Render,Stable Diffusion,blender,Rendering,53,DiffusionDB 2M metadata.parquet
2022-08-17,3D Render,Stable Diffusion,isometric,Rendering,231,DiffusionDB 2M metadata.parquet
2022-08-17,3D Render,Stable Diffusion,octane render,Rendering,4260,DiffusionDB 2M metadata.parquet
2022-08-17,3D Render,Stable Diffusion,unreal engine,Rendering,1357,DiffusionDB 2M metadata.parquet
2022-08-17,3D Render,Stable Diffusion,zbrush,Rendering,30,DiffusionDB 2M metadata.parquet
2022-08-17,AI Cinematic Storyboard,Stable Diffusion,cinematic still,Cinematic,80,DiffusionDB 2M metadata.parquet
2022-08-17,AI Cinematic Storyboard,Stable Diffusion,film still,Cinematic,388,DiffusionDB 2M metadata.parquet
2022-08-17,AI Cinematic Storyboard,Stable Diffusion,movie still,Cinematic,552,DiffusionDB 2M metadata.parquet
2022-08-17,AI Cinematic Storyboard,Stable Diffusion,storyboard,Cinematic,3,DiffusionDB 2M metadata.parquet
2022-08-17,Anime,Stable Diffusion,anime,Illustration,2531,DiffusionDB 2M metadata.parquet
2022-08-17,Anime,Stable Diffusion,manga,Illustration,208,DiffusionDB 2M metadata.parquet
2022-08-17,Anime,Stable Diffusion,studio ghibli,Illustration,819,DiffusionDB 2M metadata.parquet
2022-08-17,Cyberpunk,Stable Diffusion,cyberpunk,Aesthetic,2732,DiffusionDB 2M metadata.parquet
2022-08-17,Cyberpunk,Stable Diffusion,cyborg,Aesthetic,426,DiffusionDB 2M metadata.parquet
2022-08-17,Cyberpunk,Stable Diffusion,neon city,Aesthetic,1,DiffusionDB 2M metadata.parquet
2022-08-17,Cyberpunk,Stable Diffusion,neon street,Aesthetic,6,DiffusionDB 2M metadata.parquet
2022-08-17,Dark Fantasy,Stable Diffusion,dark fantasy,Worldbuilding,195,DiffusionDB 2M metadata.parquet
2022-08-17,Dark Fantasy,Stable Diffusion,dark forest,Worldbuilding,46,DiffusionDB 2M metadata.parquet
2022-08-17,Dark Fantasy,Stable Diffusion,gothic,Worldbuilding,833,DiffusionDB 2M metadata.parquet
2022-08-17,Dark Fantasy,Stable Diffusion,necromancer,Worldbuilding,56,DiffusionDB 2M metadata.parquet
2022-08-17,Dark Fantasy,Stable Diffusion,occult,Worldbuilding,49,DiffusionDB 2M metadata.parquet
2022-08-17,Documentary Realism,Stable Diffusion,candid photo,Photography,6,DiffusionDB 2M metadata.parquet
2022-08-17,Documentary Realism,Stable Diffusion,documentary,Photography,27,DiffusionDB 2M metadata.parquet
2022-08-17,Documentary Realism,Stable Diffusion,film grain,Photography,156,DiffusionDB 2M metadata.parquet
2022-08-17,Documentary Realism,Stable Diffusion,photojournalism,Photography,8,DiffusionDB 2M metadata.parquet
2022-08-17,Documentary Realism,Stable Diffusion,street photography,Photography,34,DiffusionDB 2M metadata.parquet
2022-08-17,Luxury Fashion,Stable Diffusion,fashion editorial,Commercial,19,DiffusionDB 2M metadata.parquet
2022-08-17,Luxury Fashion,Stable Diffusion,haute couture,Commercial,43,DiffusionDB 2M metadata.parquet
2022-08-17,Luxury Fashion,Stable Diffusion,luxury,Commercial,71,DiffusionDB 2M metadata.parquet
2022-08-17,Luxury Fashion,Stable Diffusion,vogue,Commercial,152,DiffusionDB 2M metadata.parquet
2022-08-17,Minimalism,Stable Diffusion,minimal,Design,77,DiffusionDB 2M metadata.parquet
2022-08-17,Minimalism,Stable Diffusion,minimalism,Design,240,DiffusionDB 2M metadata.parquet
2022-08-17,Minimalism,Stable Diffusion,minimalist,Design,674,DiffusionDB 2M metadata.parquet
2022-08-17,Minimalism,Stable Diffusion,negative space,Design,8,DiffusionDB 2M metadata.parquet
2022-08-17,Retro Futurism,Stable Diffusion,retro futurism,Aesthetic,24,DiffusionDB 2M metadata.parquet
2022-08-17,Retro Futurism,Stable Diffusion,retrofuturism,Aesthetic,12,DiffusionDB 2M metadata.parquet
2022-08-17,Retro Futurism,Stable Diffusion,synthwave,Aesthetic,160,DiffusionDB 2M metadata.parquet
2022-08-17,Retro Futurism,Stable Diffusion,vaporwave,Aesthetic,164,DiffusionDB 2M metadata.parquet
2022-08-17,Surreal Editorial,Stable Diffusion,dreamlike,Concept,95,DiffusionDB 2M metadata.parquet
2022-08-17,Surreal Editorial,Stable Diffusion,editorial,Concept,140,DiffusionDB 2M metadata.parquet
2022-08-17,Surreal Editorial,Stable Diffusion,impossible architecture,Concept,23,DiffusionDB 2M metadata.parquet
2022-08-17,Surreal Editorial,Stable Diffusion,surreal,Concept,1308,DiffusionDB 2M metadata.parquet
2022-08-17,Surreal Editorial,Stable Diffusion,surrealism,Concept,453,DiffusionDB 2M metadata.parquet
2022-08-18,3D Render,Stable Diffusion,3 d render,Rendering,375,DiffusionDB 2M metadata.parquet
2022-08-18,3D Render,Stable Diffusion,blender,Rendering,75,DiffusionDB 2M metadata.parquet
2022-08-18,3D Render,Stable Diffusion,isometric,Rendering,244,DiffusionDB 2M metadata.parquet
2022-08-18,3D Render,Stable Diffusion,octane render,Rendering,3467,DiffusionDB 2M metadata.parquet
2022-08-18,3D Render,Stable Diffusion,unreal engine,Rendering,1380,DiffusionDB 2M metadata.parquet
2022-08-18,3D Render,Stable Diffusion,zbrush,Rendering,27,DiffusionDB 2M metadata.parquet
2022-08-18,AI Cinematic Storyboard,Stable Diffusion,cinematic still,Cinematic,56,DiffusionDB 2M metadata.parquet
2022-08-18,AI Cinematic Storyboard,Stable Diffusion,film still,Cinematic,716,DiffusionDB 2M metadata.parquet
2022-08-18,AI Cinematic Storyboard,Stable Diffusion,movie still,Cinematic,472,DiffusionDB 2M metadata.parquet
2022-08-18,AI Cinematic Storyboard,Stable Diffusion,storyboard,Cinematic,4,DiffusionDB 2M metadata.parquet
2022-08-18,Anime,Stable Diffusion,anime,Illustration,2319,DiffusionDB 2M metadata.parquet
2022-08-18,Anime,Stable Diffusion,manga,Illustration,100,DiffusionDB 2M metadata.parquet
2022-08-18,Anime,Stable Diffusion,studio ghibli,Illustration,436,DiffusionDB 2M metadata.parquet
2022-08-18,Cyberpunk,Stable Diffusion,cyberpunk,Aesthetic,1895,DiffusionDB 2M metadata.parquet
2022-08-18,Cyberpunk,Stable Diffusion,cyborg,Aesthetic,464,DiffusionDB 2M metadata.parquet
2022-08-18,Cyberpunk,Stable Diffusion,neon street,Aesthetic,10,DiffusionDB 2M metadata.parquet
2022-08-18,Dark Fantasy,Stable Diffusion,dark fantasy,Worldbuilding,215,DiffusionDB 2M metadata.parquet
2022-08-18,Dark Fantasy,Stable Diffusion,dark forest,Worldbuilding,78,DiffusionDB 2M metadata.parquet
2022-08-18,Dark Fantasy,Stable Diffusion,gothic,Worldbuilding,530,DiffusionDB 2M metadata.parquet
2022-08-18,Dark Fantasy,Stable Diffusion,necromancer,Worldbuilding,75,DiffusionDB 2M metadata.parquet
2022-08-18,Dark Fantasy,Stable Diffusion,occult,Worldbuilding,67,DiffusionDB 2M metadata.parquet
2022-08-18,Documentary Realism,Stable Diffusion,candid photo,Photography,16,DiffusionDB 2M metadata.parquet
2022-08-18,Documentary Realism,Stable Diffusion,documentary,Photography,53,DiffusionDB 2M metadata.parquet
2022-08-18,Documentary Realism,Stable Diffusion,film grain,Photography,181,DiffusionDB 2M metadata.parquet
2022-08-18,Documentary Realism,Stable Diffusion,photojournalism,Photography,8,DiffusionDB 2M metadata.parquet
2022-08-18,Documentary Realism,Stable Diffusion,street photography,Photography,29,DiffusionDB 2M metadata.parquet
2022-08-18,Luxury Fashion,Stable Diffusion,fashion editorial,Commercial,29,DiffusionDB 2M metadata.parquet
2022-08-18,Luxury Fashion,Stable Diffusion,haute couture,Commercial,23,DiffusionDB 2M metadata.parquet
2022-08-18,Luxury Fashion,Stable Diffusion,luxury,Commercial,142,DiffusionDB 2M metadata.parquet
2022-08-18,Luxury Fashion,Stable Diffusion,vogue,Commercial,126,DiffusionDB 2M metadata.parquet
2022-08-18,Minimalism,Stable Diffusion,minimal,Design,87,DiffusionDB 2M metadata.parquet
2022-08-18,Minimalism,Stable Diffusion,minimalism,Design,34,DiffusionDB 2M metadata.parquet
2022-08-18,Minimalism,Stable Diffusion,minimalist,Design,378,DiffusionDB 2M metadata.parquet
2022-08-18,Minimalism,Stable Diffusion,negative space,Design,4,DiffusionDB 2M metadata.parquet
2022-08-18,Retro Futurism,Stable Diffusion,cassette futurism,Aesthetic,1,DiffusionDB 2M metadata.parquet
2022-08-18,Retro Futurism,Stable Diffusion,retro futurism,Aesthetic,8,DiffusionDB 2M metadata.parquet
2022-08-18,Retro Futurism,Stable Diffusion,retrofuturism,Aesthetic,55,DiffusionDB 2M metadata.parquet
2022-08-18,Retro Futurism,Stable Diffusion,synthwave,Aesthetic,133,DiffusionDB 2M metadata.parquet
2022-08-18,Retro Futurism,Stable Diffusion,vaporwave,Aesthetic,115,DiffusionDB 2M metadata.parquet
2022-08-18,Surreal Editorial,Stable Diffusion,dreamlike,Concept,95,DiffusionDB 2M metadata.parquet
2022-08-18,Surreal Editorial,Stable Diffusion,editorial,Concept,75,DiffusionDB 2M metadata.parquet
2022-08-18,Surreal Editorial,Stable Diffusion,surreal,Concept,628,DiffusionDB 2M metadata.parquet
2022-08-18,Surreal Editorial,Stable Diffusion,surrealism,Concept,235,DiffusionDB 2M metadata.parquet
2022-08-19,3D Render,Stable Diffusion,3 d render,Rendering,416,DiffusionDB 2M metadata.parquet
2022-08-19,3D Render,Stable Diffusion,blender,Rendering,62,DiffusionDB 2M metadata.parquet
2022-08-19,3D Render,Stable Diffusion,isometric,Rendering,188,DiffusionDB 2M metadata.parquet
2022-08-19,3D Render,Stable Diffusion,octane render,Rendering,3397,DiffusionDB 2M metadata.parquet
2022-08-19,3D Render,Stable Diffusion,unreal engine,Rendering,1132,DiffusionDB 2M metadata.parquet
2022-08-19,3D Render,Stable Diffusion,zbrush,Rendering,29,DiffusionDB 2M metadata.parquet
2022-08-19,AI Cinematic Storyboard,Stable Diffusion,cinematic still,Cinematic,37,DiffusionDB 2M metadata.parquet
2022-08-19,AI Cinematic Storyboard,Stable Diffusion,film still,Cinematic,440,DiffusionDB 2M metadata.parquet
2022-08-19,AI Cinematic Storyboard,Stable Diffusion,movie still,Cinematic,612,DiffusionDB 2M metadata.parquet
2022-08-19,AI Cinematic Storyboard,Stable Diffusion,storyboard,Cinematic,3,DiffusionDB 2M metadata.parquet
2022-08-19,Anime,Stable Diffusion,anime,Illustration,1550,DiffusionDB 2M metadata.parquet
2022-08-19,Anime,Stable Diffusion,manga,Illustration,1084,DiffusionDB 2M metadata.parquet
2022-08-19,Anime,Stable Diffusion,studio ghibli,Illustration,455,DiffusionDB 2M metadata.parquet
2022-08-19,Cyberpunk,Stable Diffusion,cyberpunk,Aesthetic,2131,DiffusionDB 2M metadata.parquet
2022-08-19,Cyberpunk,Stable Diffusion,cyborg,Aesthetic,325,DiffusionDB 2M metadata.parquet
2022-08-19,Cyberpunk,Stable Diffusion,neon city,Aesthetic,4,DiffusionDB 2M metadata.parquet
2022-08-19,Dark Fantasy,Stable Diffusion,dark fantasy,Worldbuilding,163,DiffusionDB 2M metadata.parquet
2022-08-19,Dark Fantasy,Stable Diffusion,dark forest,Worldbuilding,42,DiffusionDB 2M metadata.parquet
2022-08-19,Dark Fantasy,Stable Diffusion,gothic,Worldbuilding,585,DiffusionDB 2M metadata.parquet
2022-08-19,Dark Fantasy,Stable Diffusion,necromancer,Worldbuilding,92,DiffusionDB 2M metadata.parquet
2022-08-19,Dark Fantasy,Stable Diffusion,occult,Worldbuilding,39,DiffusionDB 2M metadata.parquet
2022-08-19,Documentary Realism,Stable Diffusion,candid photo,Photography,34,DiffusionDB 2M metadata.parquet
2022-08-19,Documentary Realism,Stable Diffusion,documentary,Photography,121,DiffusionDB 2M metadata.parquet
2022-08-19,Documentary Realism,Stable Diffusion,film grain,Photography,120,DiffusionDB 2M metadata.parquet
2022-08-19,Documentary Realism,Stable Diffusion,photojournalism,Photography,7,DiffusionDB 2M metadata.parquet
2022-08-19,Documentary Realism,Stable Diffusion,street photography,Photography,171,DiffusionDB 2M metadata.parquet
2022-08-19,Luxury Fashion,Stable Diffusion,fashion editorial,Commercial,16,DiffusionDB 2M metadata.parquet
2022-08-19,Luxury Fashion,Stable Diffusion,haute couture,Commercial,64,DiffusionDB 2M metadata.parquet
2022-08-19,Luxury Fashion,Stable Diffusion,luxury,Commercial,141,DiffusionDB 2M metadata.parquet
2022-08-19,Luxury Fashion,Stable Diffusion,vogue,Commercial,234,DiffusionDB 2M metadata.parquet
2022-08-19,Minimalism,Stable Diffusion,minimal,Design,38,DiffusionDB 2M metadata.parquet
2022-08-19,Minimalism,Stable Diffusion,minimalism,Design,46,DiffusionDB 2M metadata.parquet
2022-08-19,Minimalism,Stable Diffusion,minimalist,Design,724,DiffusionDB 2M metadata.parquet
2022-08-19,Minimalism,Stable Diffusion,negative space,Design,1,DiffusionDB 2M metadata.parquet
2022-08-19,Retro Futurism,Stable Diffusion,cassette futurism,Aesthetic,1,DiffusionDB 2M metadata.parquet
2022-08-19,Retro Futurism,Stable Diffusion,retro futurism,Aesthetic,56,DiffusionDB 2M metadata.parquet
2022-08-19,Retro Futurism,Stable Diffusion,retrofuturism,Aesthetic,16,DiffusionDB 2M metadata.parquet
2022-08-19,Retro Futurism,Stable Diffusion,synthwave,Aesthetic,162,DiffusionDB 2M metadata.parquet
2022-08-19,Retro Futurism,Stable Diffusion,vaporwave,Aesthetic,83,DiffusionDB 2M metadata.parquet
2022-08-19,Surreal Editorial,Stable Diffusion,dreamlike,Concept,58,DiffusionDB 2M metadata.parquet
2022-08-19,Surreal Editorial,Stable Diffusion,editorial,Concept,30,DiffusionDB 2M metadata.parquet
2022-08-19,Surreal Editorial,Stable Diffusion,surreal,Concept,1213,DiffusionDB 2M metadata.parquet
2022-08-19,Surreal Editorial,Stable Diffusion,surrealism,Concept,362,DiffusionDB 2M metadata.parquet
2022-08-20,3D Render,Stable Diffusion,3 d render,Rendering,159,DiffusionDB 2M metadata.parquet
2022-08-20,3D Render,Stable Diffusion,blender,Rendering,18,DiffusionDB 2M metadata.parquet
2022-08-20,3D Render,Stable Diffusion,isometric,Rendering,111,DiffusionDB 2M metadata.parquet
2022-08-20,3D Render,Stable Diffusion,octane render,Rendering,1405,DiffusionDB 2M metadata.parquet
2022-08-20,3D Render,Stable Diffusion,unreal engine,Rendering,596,DiffusionDB 2M metadata.parquet
2022-08-20,3D Render,Stable Diffusion,zbrush,Rendering,17,DiffusionDB 2M metadata.parquet
2022-08-20,AI Cinematic Storyboard,Stable Diffusion,cinematic still,Cinematic,19,DiffusionDB 2M metadata.parquet
2022-08-20,AI Cinematic Storyboard,Stable Diffusion,film still,Cinematic,161,DiffusionDB 2M metadata.parquet
2022-08-20,AI Cinematic Storyboard,Stable Diffusion,movie still,Cinematic,205,DiffusionDB 2M metadata.parquet
2022-08-20,AI Cinematic Storyboard,Stable Diffusion,storyboard,Cinematic,1,DiffusionDB 2M metadata.parquet
2022-08-20,Anime,Stable Diffusion,anime,Illustration,965,DiffusionDB 2M metadata.parquet
2022-08-20,Anime,Stable Diffusion,manga,Illustration,144,DiffusionDB 2M metadata.parquet
2022-08-20,Anime,Stable Diffusion,studio ghibli,Illustration,340,DiffusionDB 2M metadata.parquet
2022-08-20,Cyberpunk,Stable Diffusion,cyberpunk,Aesthetic,1129,DiffusionDB 2M metadata.parquet
2022-08-20,Cyberpunk,Stable Diffusion,cyborg,Aesthetic,78,DiffusionDB 2M metadata.parquet
2022-08-20,Dark Fantasy,Stable Diffusion,dark fantasy,Worldbuilding,50,DiffusionDB 2M metadata.parquet
2022-08-20,Dark Fantasy,Stable Diffusion,dark forest,Worldbuilding,6,DiffusionDB 2M metadata.parquet
2022-08-20,Dark Fantasy,Stable Diffusion,gothic,Worldbuilding,173,DiffusionDB 2M metadata.parquet
2022-08-20,Dark Fantasy,Stable Diffusion,necromancer,Worldbuilding,6,DiffusionDB 2M metadata.parquet
2022-08-20,Dark Fantasy,Stable Diffusion,occult,Worldbuilding,15,DiffusionDB 2M metadata.parquet
2022-08-20,Documentary Realism,Stable Diffusion,candid photo,Photography,4,DiffusionDB 2M metadata.parquet
2022-08-20,Documentary Realism,Stable Diffusion,documentary,Photography,70,DiffusionDB 2M metadata.parquet
2022-08-20,Documentary Realism,Stable Diffusion,film grain,Photography,45,DiffusionDB 2M metadata.parquet
2022-08-20,Documentary Realism,Stable Diffusion,photojournalism,Photography,4,DiffusionDB 2M metadata.parquet
2022-08-20,Documentary Realism,Stable Diffusion,street photography,Photography,6,DiffusionDB 2M metadata.parquet
2022-08-20,Luxury Fashion,Stable Diffusion,haute couture,Commercial,41,DiffusionDB 2M metadata.parquet
2022-08-20,Luxury Fashion,Stable Diffusion,luxury,Commercial,114,DiffusionDB 2M metadata.parquet
2022-08-20,Luxury Fashion,Stable Diffusion,vogue,Commercial,68,DiffusionDB 2M metadata.parquet
2022-08-20,Minimalism,Stable Diffusion,minimal,Design,5,DiffusionDB 2M metadata.parquet
2022-08-20,Minimalism,Stable Diffusion,minimalism,Design,21,DiffusionDB 2M metadata.parquet
2022-08-20,Minimalism,Stable Diffusion,minimalist,Design,267,DiffusionDB 2M metadata.parquet
2022-08-20,Minimalism,Stable Diffusion,negative space,Design,3,DiffusionDB 2M metadata.parquet
2022-08-20,Retro Futurism,Stable Diffusion,cassette futurism,Aesthetic,2,DiffusionDB 2M metadata.parquet
2022-08-20,Retro Futurism,Stable Diffusion,retrofuturism,Aesthetic,41,DiffusionDB 2M metadata.parquet
2022-08-20,Retro Futurism,Stable Diffusion,synthwave,Aesthetic,283,DiffusionDB 2M metadata.parquet
2022-08-20,Retro Futurism,Stable Diffusion,vaporwave,Aesthetic,276,DiffusionDB 2M metadata.parquet
2022-08-20,Surreal Editorial,Stable Diffusion,dreamlike,Concept,44,DiffusionDB 2M metadata.parquet
2022-08-20,Surreal Editorial,Stable Diffusion,editorial,Concept,15,DiffusionDB 2M metadata.parquet
2022-08-20,Surreal Editorial,Stable Diffusion,surreal,Concept,219,DiffusionDB 2M metadata.parquet
2022-08-20,Surreal Editorial,Stable Diffusion,surrealism,Concept,109,DiffusionDB 2M metadata.parquet
