horizon_year,trend_theme,related_style,signal_score,confidence_label,evidence_basis,source_layer,user_takeaway
2024,AI video storyboarding,AI Cinematic Storyboard,68,High,Official image-to-video and video workflow documentation,Current ecosystem signal,Still images are increasingly used as seeds for sequence planning and motion previews.
2025,AI video storyboarding,AI Cinematic Storyboard,82,High,Official image-to-video and video workflow documentation,Current ecosystem signal,Creative teams can treat AI visuals as storyboard systems rather than isolated still images.
2026,AI video storyboarding,AI Cinematic Storyboard,92,High,Official image-to-video and video workflow documentation,Current ecosystem signal,The strongest forward-looking opportunity is cinematic previsualization and short-form AI video direction.
2024,Commercial AI production,Luxury Fashion,62,High,Official commercial generative design product documentation,Capability evidence,AI visuals are entering brand-safe marketing and campaign production workflows.
2025,Commercial AI production,Luxury Fashion,72,High,Official commercial generative design product documentation,Capability evidence,Commercial teams can combine AI ideation with tighter brand style controls.
2026,Commercial AI production,Luxury Fashion,82,High,Official commercial generative design product documentation,Capability evidence,Luxury fashion and advertising can use AI for faster campaign moodboards and preproduction systems.
2024,Open model ecosystems,Dark Fantasy,60,Medium,Public model and tag ecosystem signals from community APIs,Community API signal,Community model ecosystems extend beyond DiffusionDB and help reveal newer style interests.
2025,Open model ecosystems,Dark Fantasy,68,Medium,Public model and tag ecosystem signals from community APIs,Community API signal,Custom checkpoints and style communities make fantasy worldbuilding more specialized.
2026,Open model ecosystems,Dark Fantasy,76,Medium,Public model and tag ecosystem signals from community APIs,Community API signal,Open model ecosystems are likely to keep niche genres highly customizable.
2024,Synthetic realism,Documentary Realism,58,Medium,Newer generated-image evaluation datasets and model-version references,Dataset discovery layer,Realistic AI visuals should be evaluated with transparency and source disclosure.
2025,Synthetic realism,Documentary Realism,70,Medium,Newer generated-image evaluation datasets and model-version references,Dataset discovery layer,Documentary-style AI imagery becomes more useful but also more ethically sensitive.
2026,Synthetic realism,Documentary Realism,78,Medium,Newer generated-image evaluation datasets and model-version references,Dataset discovery layer,The trend is less about perfect realism and more about credible context and responsible labeling.
2024,Prompt corpus expansion,Prompt Language,64,Medium-High,Large open prompt corpus candidates and text-to-image dataset catalogs,Expanded prompt corpus,Prompt language can be studied across larger corpora after normalization and safety review.
2025,Prompt corpus expansion,Prompt Language,75,Medium-High,Large open prompt corpus candidates and text-to-image dataset catalogs,Expanded prompt corpus,Prompt analysis can move from single-dataset charts toward cross-platform comparison.
2026,Prompt corpus expansion,Prompt Language,84,Medium-High,Large open prompt corpus candidates and text-to-image dataset catalogs,Expanded prompt corpus,The next upgrade is a normalized multi-dataset prompt trend index.
2024,Product and spatial visualization,3D Render,66,Medium,Tool capability references and demand for commercial visualization workflows,Capability evidence,3D-style AI visuals are useful for object studies materials and product launch previews.
2025,Product and spatial visualization,3D Render,73,Medium,Tool capability references and demand for commercial visualization workflows,Capability evidence,Material control and commercial polish become more important than novelty alone.
2026,Product and spatial visualization,3D Render,80,Medium,Tool capability references and demand for commercial visualization workflows,Capability evidence,AI product visualization can become a practical bridge between ideation and production mockups.
2024,Personalized style systems,Surreal Editorial,55,Medium,Dataset catalogs custom workflows and style-control planning,Controlled benchmark protocol,Personalized style systems are still hard to measure but increasingly important creatively.
2025,Personalized style systems,Surreal Editorial,66,Medium,Dataset catalogs custom workflows and style-control planning,Controlled benchmark protocol,Style consistency testing should become part of AI visual evaluation.
2026,Personalized style systems,Surreal Editorial,79,Medium,Dataset catalogs custom workflows and style-control planning,Controlled benchmark protocol,Future dashboards should evaluate whether tools can preserve a style across many prompts and formats.
